-- Generated by scripts/generate-nhost-seed.ts
BEGIN;

DELETE FROM public.nav_links;
DELETE FROM public.nav_sections;
DELETE FROM public.home_pills;
DELETE FROM public.inspiration_quotes;
DELETE FROM public.trend_tiles;
DELETE FROM public.hero_slides;
DELETE FROM public.products;
DELETE FROM public.categories;

INSERT INTO public.categories (id, slug, title, description, sort_order) VALUES ('11111111-1111-1111-1111-111111111101', 'ready-to-wear', 'Ready to Wear', 'Enduring artistry and elegance — shirts, bottoms, and dupattas for every occasion.', 0);
INSERT INTO public.categories (id, slug, title, description, sort_order) VALUES ('11111111-1111-1111-1111-111111111102', 'unstitched', 'Unstitched', 'Sukoon, Andaaz, Raunak — refined concepts for unstitched luxury.', 1);
INSERT INTO public.categories (id, slug, title, description, sort_order) VALUES ('11111111-1111-1111-1111-111111111103', 'west', 'West', 'Layering pieces that stack, shift, and adapt with the season.', 2);
INSERT INTO public.categories (id, slug, title, description, sort_order) VALUES ('11111111-1111-1111-1111-111111111104', 'modest-wear', 'Modest Wear', 'Contemporary silhouettes, elegant hues, airy fabrics.', 3);
INSERT INTO public.categories (id, slug, title, description, sort_order) VALUES ('11111111-1111-1111-1111-111111111105', 'accessories', 'Accessories', 'Bags, belts, and finishing touches.', 4);

INSERT INTO public.products (sku, slug, name, subtitle, price, currency, category_id, collection, image, new_in, tags) VALUES ('sku-1', '3-piece-embroidered-lawn-suit-0', '3 Piece Embroidered Lawn Suit', 'Unstitched SS ''26', 3290, 'USD', '11111111-1111-1111-1111-111111111102', 'Unstitched SS ''26', '/images/products/p01.svg', true, ARRAY['Spring', 'unstitched']::text[]);
INSERT INTO public.products (sku, slug, name, subtitle, price, currency, category_id, collection, image, new_in, tags) VALUES ('sku-2', '3-piece-embroidered-raw-silk-suit-1', '3 Piece Embroidered Raw Silk Suit', 'Unstitched SS ''26', 3760, 'USD', '11111111-1111-1111-1111-111111111102', 'Unstitched SS ''26', '/images/products/p02.svg', true, ARRAY['Spring', 'unstitched']::text[]);
INSERT INTO public.products (sku, slug, name, subtitle, price, currency, category_id, collection, image, new_in, tags) VALUES ('sku-3', '3-piece-embroidered-net-suit-2', '3 Piece Embroidered Net Suit', 'Unstitched SS ''26', 4230, 'USD', '11111111-1111-1111-1111-111111111102', 'Unstitched SS ''26', '/images/products/p03.svg', false, ARRAY['Spring', 'unstitched']::text[]);
INSERT INTO public.products (sku, slug, name, subtitle, price, currency, category_id, collection, image, new_in, tags) VALUES ('sku-4', 'embroidered-zari-cotton-shirt-3', 'Embroidered Zari Cotton Shirt', 'RTW SS ''26', 4700, 'USD', '11111111-1111-1111-1111-111111111101', 'RTW SS ''26', '/images/products/p04.svg', false, ARRAY['Spring', 'ready-to-wear']::text[]);
INSERT INTO public.products (sku, slug, name, subtitle, price, currency, category_id, collection, image, new_in, tags) VALUES ('sku-5', '3-piece-printed-cambric-suit-4', '3 Piece Printed Cambric Suit', 'RTW SS ''26', 5170, 'USD', '11111111-1111-1111-1111-111111111101', 'RTW SS ''26', '/images/products/p05.svg', false, ARRAY['Spring', 'ready-to-wear']::text[]);
INSERT INTO public.products (sku, slug, name, subtitle, price, currency, category_id, collection, image, new_in, tags) VALUES ('sku-6', 'tier-dress-with-puffed-sleeve-5', 'Tier Dress With Puffed Sleeve', 'WEST — SS ''26', 5640, 'USD', '11111111-1111-1111-1111-111111111103', 'WEST — SS ''26', '/images/products/p06.svg', true, ARRAY['Spring', 'west']::text[]);
INSERT INTO public.products (sku, slug, name, subtitle, price, currency, category_id, collection, image, new_in, tags) VALUES ('sku-7', 'button-through-cocoon-shirt-6', 'Button Through Cocoon Shirt', 'WEST — SS ''26', 6110, 'USD', '11111111-1111-1111-1111-111111111103', 'WEST — SS ''26', '/images/products/p07.svg', false, ARRAY['Spring', 'west']::text[]);
INSERT INTO public.products (sku, slug, name, subtitle, price, currency, category_id, collection, image, new_in, tags) VALUES ('sku-8', 'printed-lawn-dupatta-7', 'Printed Lawn Dupatta', 'RTW SS ''26', 5880, 'USD', '11111111-1111-1111-1111-111111111101', 'RTW SS ''26', '/images/products/p08.svg', false, ARRAY['Spring', 'ready-to-wear']::text[]);
INSERT INTO public.products (sku, slug, name, subtitle, price, currency, category_id, collection, image, new_in, tags) VALUES ('sku-9', 'chiffon-embroidered-dupatta-8', 'Chiffon Embroidered Dupatta', 'RTW SS ''26', 6350, 'USD', '11111111-1111-1111-1111-111111111101', 'RTW SS ''26', '/images/products/p01.svg', false, ARRAY['Spring', 'ready-to-wear']::text[]);
INSERT INTO public.products (sku, slug, name, subtitle, price, currency, category_id, collection, image, new_in, tags) VALUES ('sku-10', 'flared-skirt-9', 'Flared Skirt', 'WEST — SS ''26', 6820, 'USD', '11111111-1111-1111-1111-111111111103', 'WEST — SS ''26', '/images/products/p02.svg', true, ARRAY['Spring', 'west']::text[]);
INSERT INTO public.products (sku, slug, name, subtitle, price, currency, category_id, collection, image, new_in, tags) VALUES ('sku-11', 'abaya-open-front-10', 'Abaya Open Front', 'Modest SS ''26', 7290, 'USD', '11111111-1111-1111-1111-111111111104', 'Modest SS ''26', '/images/products/p03.svg', true, ARRAY['Spring', 'modest-wear']::text[]);
INSERT INTO public.products (sku, slug, name, subtitle, price, currency, category_id, collection, image, new_in, tags) VALUES ('sku-12', 'silk-hijab-set-11', 'Silk Hijab Set', 'Modest SS ''26', 7760, 'USD', '11111111-1111-1111-1111-111111111104', 'Modest SS ''26', '/images/products/p04.svg', false, ARRAY['Spring', 'modest-wear']::text[]);
INSERT INTO public.products (sku, slug, name, subtitle, price, currency, category_id, collection, image, new_in, tags) VALUES ('sku-13', 'structured-tote-bag-12', 'Structured Tote Bag', 'Bags', 8230, 'USD', '11111111-1111-1111-1111-111111111105', 'Bags', '/images/products/p05.svg', false, ARRAY['Spring', 'accessories']::text[]);
INSERT INTO public.products (sku, slug, name, subtitle, price, currency, category_id, collection, image, new_in, tags) VALUES ('sku-14', 'leather-belt-gold-buckle-13', 'Leather Belt Gold Buckle', 'Belts', 8700, 'USD', '11111111-1111-1111-1111-111111111105', 'Belts', '/images/products/p06.svg', true, ARRAY['Spring', 'accessories']::text[]);
INSERT INTO public.products (sku, slug, name, subtitle, price, currency, category_id, collection, image, new_in, tags) VALUES ('sku-15', 'jacquard-3-piece-suit-14', 'Jacquard 3 Piece Suit', 'Unstitched SS ''26', 8470, 'USD', '11111111-1111-1111-1111-111111111102', 'Unstitched SS ''26', '/images/products/p07.svg', false, ARRAY['Spring', 'unstitched']::text[]);
INSERT INTO public.products (sku, slug, name, subtitle, price, currency, category_id, collection, image, new_in, tags) VALUES ('sku-16', 'organza-dupatta-shawl-15', 'Organza Dupatta Shawl', 'RTW SS ''26', 8940, 'USD', '11111111-1111-1111-1111-111111111101', 'RTW SS ''26', '/images/products/p08.svg', true, ARRAY['Spring', 'ready-to-wear']::text[]);
INSERT INTO public.products (sku, slug, name, subtitle, price, currency, category_id, collection, image, new_in, tags) VALUES ('sku-17', 'pleated-wide-leg-trousers-16', 'Pleated Wide Leg Trousers', 'WEST — SS ''26', 9410, 'USD', '11111111-1111-1111-1111-111111111103', 'WEST — SS ''26', '/images/products/p01.svg', false, ARRAY['Spring', 'west']::text[]);
INSERT INTO public.products (sku, slug, name, subtitle, price, currency, category_id, collection, image, new_in, tags) VALUES ('sku-18', 'smocked-midi-dress-17', 'Smocked Midi Dress', 'WEST — SS ''26', 9880, 'USD', '11111111-1111-1111-1111-111111111103', 'WEST — SS ''26', '/images/products/p02.svg', true, ARRAY['Spring', 'west']::text[]);
INSERT INTO public.products (sku, slug, name, subtitle, price, currency, category_id, collection, image, new_in, tags) VALUES ('sku-19', 'embroidered-dobby-kurta-18', 'Embroidered Dobby Kurta', 'RTW SS ''26', 10350, 'USD', '11111111-1111-1111-1111-111111111101', 'RTW SS ''26', '/images/products/p03.svg', false, ARRAY['Spring', 'ready-to-wear']::text[]);
INSERT INTO public.products (sku, slug, name, subtitle, price, currency, category_id, collection, image, new_in, tags) VALUES ('sku-20', 'printed-silk-suit-3-piece-19', 'Printed Silk Suit 3 Piece', 'Unstitched SS ''26', 10820, 'USD', '11111111-1111-1111-1111-111111111102', 'Unstitched SS ''26', '/images/products/p04.svg', false, ARRAY['Spring', 'unstitched']::text[]);
INSERT INTO public.products (sku, slug, name, subtitle, price, currency, category_id, collection, image, new_in, tags) VALUES ('sku-21', 'kimono-sleeve-top-20', 'Kimono Sleeve Top', 'WEST — SS ''26', 11290, 'USD', '11111111-1111-1111-1111-111111111103', 'WEST — SS ''26', '/images/products/p05.svg', true, ARRAY['Spring', 'west']::text[]);
INSERT INTO public.products (sku, slug, name, subtitle, price, currency, category_id, collection, image, new_in, tags) VALUES ('sku-22', 'longline-abaya-belted-21', 'Longline Abaya Belted', 'Modest SS ''26', 11060, 'USD', '11111111-1111-1111-1111-111111111104', 'Modest SS ''26', '/images/products/p06.svg', true, ARRAY['Spring', 'modest-wear']::text[]);
INSERT INTO public.products (sku, slug, name, subtitle, price, currency, category_id, collection, image, new_in, tags) VALUES ('sku-23', 'crossbody-quilted-bag-22', 'Crossbody Quilted Bag', 'Bags', 11530, 'USD', '11111111-1111-1111-1111-111111111105', 'Bags', '/images/products/p07.svg', false, ARRAY['Spring', 'accessories']::text[]);
INSERT INTO public.products (sku, slug, name, subtitle, price, currency, category_id, collection, image, new_in, tags) VALUES ('sku-24', 'velvet-evening-clutch-23', 'Velvet Evening Clutch', 'Bags', 12000, 'USD', '11111111-1111-1111-1111-111111111105', 'Bags', '/images/products/p08.svg', false, ARRAY['Spring', 'accessories']::text[]);
INSERT INTO public.products (sku, slug, name, subtitle, price, currency, category_id, collection, image, new_in, tags) VALUES ('sku-25', 'pearl-drop-earrings-set-24', 'Pearl Drop Earrings Set', 'Jewelry', 12470, 'USD', '11111111-1111-1111-1111-111111111105', 'Jewelry', '/images/products/p01.svg', false, ARRAY['Spring', 'accessories']::text[]);
INSERT INTO public.products (sku, slug, name, subtitle, price, currency, category_id, collection, image, new_in, tags) VALUES ('sku-26', 'zari-border-dupatta-25', 'Zari Border Dupatta', 'RTW SS ''26', 12940, 'USD', '11111111-1111-1111-1111-111111111101', 'RTW SS ''26', '/images/products/p02.svg', true, ARRAY['Spring', 'ready-to-wear']::text[]);
INSERT INTO public.products (sku, slug, name, subtitle, price, currency, category_id, collection, image, new_in, tags) VALUES ('sku-27', 'schiffli-embroidered-shirt-26', 'Schiffli Embroidered Shirt', 'RTW SS ''26', 13410, 'USD', '11111111-1111-1111-1111-111111111101', 'RTW SS ''26', '/images/products/p03.svg', false, ARRAY['Spring', 'ready-to-wear']::text[]);
INSERT INTO public.products (sku, slug, name, subtitle, price, currency, category_id, collection, image, new_in, tags) VALUES ('sku-28', 'tiered-maxi-skirt-27', 'Tiered Maxi Skirt', 'WEST — SS ''26', 13880, 'USD', '11111111-1111-1111-1111-111111111103', 'WEST — SS ''26', '/images/products/p04.svg', false, ARRAY['Spring', 'west']::text[]);
INSERT INTO public.products (sku, slug, name, subtitle, price, currency, category_id, collection, image, new_in, tags) VALUES ('sku-29', 'chiffon-3-piece-formal-28', 'Chiffon 3 Piece Formal', 'Unstitched SS ''26', 13650, 'USD', '11111111-1111-1111-1111-111111111102', 'Unstitched SS ''26', '/images/products/p05.svg', false, ARRAY['Spring', 'unstitched']::text[]);
INSERT INTO public.products (sku, slug, name, subtitle, price, currency, category_id, collection, image, new_in, tags) VALUES ('sku-30', 'crinkle-hijab-pack-29', 'Crinkle Hijab Pack', 'Modest SS ''26', 14120, 'USD', '11111111-1111-1111-1111-111111111104', 'Modest SS ''26', '/images/products/p06.svg', true, ARRAY['Spring', 'modest-wear']::text[]);

INSERT INTO public.hero_slides (title, subtitle, href, image, sort_order) VALUES ('Ready to Wear', 'Spring Summer ''26', '/collections/ready-to-wear', '/images/hero-rtw.svg', 0);
INSERT INTO public.hero_slides (title, subtitle, href, image, sort_order) VALUES ('Unstitched', 'Spring Summer ''26', '/collections/unstitched', '/images/hero-unstitched.svg', 1);
INSERT INTO public.hero_slides (title, subtitle, href, image, sort_order) VALUES ('West', 'Spring Summer ''26', '/collections/west', '/images/hero-west.svg', 2);

INSERT INTO public.trend_tiles (title, subtitle, href, sort_order) VALUES ('It Was All Yellow', 'Shop the trend', '/collections/ready-to-wear', 0);
INSERT INTO public.trend_tiles (title, subtitle, href, sort_order) VALUES ('Embroidered Elegance', 'Shop the trend', '/collections/ready-to-wear', 1);
INSERT INTO public.trend_tiles (title, subtitle, href, sort_order) VALUES ('Lawn Loving', 'Shop the trend', '/collections/unstitched', 2);
INSERT INTO public.trend_tiles (title, subtitle, href, sort_order) VALUES ('Festive Blues', 'Shop the trend', '/collections/ready-to-wear', 3);

INSERT INTO public.inspiration_quotes (quote, name, sort_order) VALUES ('It’s giving maximalism — shop the RTW edit.', 'Editorial', 0);
INSERT INTO public.inspiration_quotes (quote, name, sort_order) VALUES ('Little moments, big style — unstitched for Eid.', 'Lookbook', 1);
INSERT INTO public.inspiration_quotes (quote, name, sort_order) VALUES ('Denim redefined — Y2K energy from West.', 'West Journal', 2);
INSERT INTO public.inspiration_quotes (quote, name, sort_order) VALUES ('Warm autumn hues — draped in Intermix.', 'Seasonal', 3);

INSERT INTO public.home_pills (label, sort_order) VALUES ('Sukoon', 0);
INSERT INTO public.home_pills (label, sort_order) VALUES ('Andaaz', 1);
INSERT INTO public.home_pills (label, sort_order) VALUES ('Smart Casual', 2);
INSERT INTO public.home_pills (label, sort_order) VALUES ('Casual', 3);
INSERT INTO public.home_pills (label, sort_order) VALUES ('Tops | Shirts', 4);
INSERT INTO public.home_pills (label, sort_order) VALUES ('Belts', 5);

WITH s AS (
  INSERT INTO public.nav_sections (title, href, sort_order)
  VALUES ('Ready to Wear', '/collections/ready-to-wear', 0)
  RETURNING id
)
INSERT INTO public.nav_links (section_id, label, href, sort_order)
SELECT s.id, x.label, x.href, x.ord
FROM s
CROSS JOIN (
  VALUES
    ('Spring Summer ''26', '/collections/ready-to-wear', 0),
    ('Shirts', '/collections/ready-to-wear', 1),
    ('Bottoms', '/collections/ready-to-wear', 2),
    ('Dupattas & Shawls', '/collections/ready-to-wear', 3)
) AS x(label, href, ord);

WITH s AS (
  INSERT INTO public.nav_sections (title, href, sort_order)
  VALUES ('Unstitched', '/collections/unstitched', 1)
  RETURNING id
)
INSERT INTO public.nav_links (section_id, label, href, sort_order)
SELECT s.id, x.label, x.href, x.ord
FROM s
CROSS JOIN (
  VALUES
    ('Sukoon', '/collections/unstitched', 0),
    ('Andaaz', '/collections/unstitched', 1),
    ('Raunak', '/collections/unstitched', 2)
) AS x(label, href, ord);

WITH s AS (
  INSERT INTO public.nav_sections (title, href, sort_order)
  VALUES ('West', '/collections/west', 2)
  RETURNING id
)
INSERT INTO public.nav_links (section_id, label, href, sort_order)
SELECT s.id, x.label, x.href, x.ord
FROM s
CROSS JOIN (
  VALUES
    ('Tops & Shirts', '/collections/west', 0),
    ('Dresses', '/collections/west', 1),
    ('Trousers', '/collections/west', 2)
) AS x(label, href, ord);

WITH s AS (
  INSERT INTO public.nav_sections (title, href, sort_order)
  VALUES ('Modest Wear', '/collections/modest-wear', 3)
  RETURNING id
)
INSERT INTO public.nav_links (section_id, label, href, sort_order)
SELECT s.id, x.label, x.href, x.ord
FROM s
CROSS JOIN (
  VALUES
    ('Abayas', '/collections/modest-wear', 0),
    ('Hijabs', '/collections/modest-wear', 1)
) AS x(label, href, ord);

WITH s AS (
  INSERT INTO public.nav_sections (title, href, sort_order)
  VALUES ('Accessories', '/collections/accessories', 4)
  RETURNING id
)
INSERT INTO public.nav_links (section_id, label, href, sort_order)
SELECT s.id, x.label, x.href, x.ord
FROM s
CROSS JOIN (
  VALUES
    ('Bags', '/collections/accessories', 0),
    ('Belts', '/collections/accessories', 1)
) AS x(label, href, ord);

COMMIT;
